week,avg_wifi_users,avg_units,avg_mess_entries,avg_attendance,week_label
9,11258.054751472877,1683.6829766006697,12858.333333333334,62.81,Week 9
10,14394.189176269034,2095.957784379013,15342.357142857143,72.79142857142857,Week 10
11,14183.44709684956,2053.734019753473,15295.285714285714,73.52,Week 11
12,14463.015081345264,2097.396036331673,15015.5,70.85571428571428,Week 12
13,14478.53801845915,2095.016629206081,15252.142857142857,71.34857142857143,Week 13
