building,total_units,avg_hourly_units,max_units,energy_share_pct
Academic Block A,13428.19921526192,18.04865485922301,117.13548471394505,21.16
Academic Block B,11948.240469897572,16.05946299717416,84.35907114635587,18.83
Admin Block,5419.9980545922335,7.284943621763754,45.658951337275774,8.54
Hostel Block 1,12604.467643396552,17.01007779135837,59.67651985889361,19.87
Hostel Block 2,11111.452006296417,14.99521188434064,49.35259592164491,17.51
Library,8933.422828048995,12.055901252427793,88.7678948029635,14.08
