meal_type,hour,avg_students
Breakfast,7,183.05376344086022
Breakfast,8,236.93548387096774
Dinner,19,394.25
Dinner,20,493.9596774193548
Lunch,12,412.994623655914
Lunch,13,513.6505376344086
Snacks,16,264.68279569892474
