location,total_users,avg_users_per_hr,max_users,total_bandwidth,utilization_pct
Academic Zone,124235.94426188299,167.2085387104751,904.9442618829872,185442.16,100.0
Admin Zone,43696.68023708174,58.7320970928518,353.982838894886,64613.29,35.13
Cafeteria,60296.128473877514,81.37129348701419,326.0,90729.66,48.66
Hostel Area,78843.29466993338,106.11479767151195,619.5947827549028,116142.16,63.46
Library,94513.94733085347,127.03487544469552,467.0,140479.17,75.97
Sports Complex,34822.49489125061,46.86742246467107,249.1575958831402,52617.590000000004,28.03
